{
	"format_version": "1.21.110",
	"minecraft:geometry": [
		{
			"description": {
				"identifier": "geometry.kinetic_sprinkler - Converted",
				"texture_width": 64,
				"texture_height": 64,
				"visible_bounds_width": 2,
				"visible_bounds_height": 2.5,
				"visible_bounds_offset": [0, 0.75, 0]
			},
			"bones": [
				{
					"name": "sprinkler",
					"pivot": [0, 8, 0],
					"cubes": [
						{
							"origin": [1, 6, 1],
							"size": [4, 5, 4],
							"pivot": [3, 6, 3],
							"rotation": [-35, 35, 0],
							"uv": {
								"north": {"uv": [64, 0.11111], "uv_size": [-7.11111, 20.88889]},
								"east": {"uv": [64, 0.11111], "uv_size": [-7.11111, 20.88889]},
								"south": {"uv": [64, 0.11111], "uv_size": [-7.11111, 20.88889]},
								"west": {"uv": [64, 0.11111], "uv_size": [-7.11111, 20.88889]},
								"up": {"uv": [35.55556, 39.66667], "uv_size": [7.11111, -15.55556]},
								"down": {"uv": [56.88889, 21], "uv_size": [7.11111, -20.88889]}
							}
						},
						{
							"origin": [1, 6, -5],
							"size": [4, 5, 4],
							"pivot": [3, 6, -3],
							"rotation": [35, -35, 0],
							"uv": {
								"north": {"uv": [64, 0.11111], "uv_size": [-7.11111, 20.88889]},
								"east": {"uv": [64, 0.11111], "uv_size": [-7.11111, 20.88889]},
								"south": {"uv": [64, 0.11111], "uv_size": [-7.11111, 20.88889]},
								"west": {"uv": [64, 0.11111], "uv_size": [-7.11111, 20.88889]},
								"up": {"uv": [35.55556, 39.66667], "uv_size": [7.11111, -15.55556]},
								"down": {"uv": [56.88889, 21], "uv_size": [7.11111, -20.88889]}
							}
						},
						{
							"origin": [-5, 6, -5],
							"size": [4, 5, 4],
							"pivot": [-3, 6, -3],
							"rotation": [35, 35, 0],
							"uv": {
								"north": {"uv": [56.88889, 0.11111], "uv_size": [7.11111, 20.88889]},
								"east": {"uv": [56.88889, 0.11111], "uv_size": [7.11111, 20.88889]},
								"south": {"uv": [56.88889, 0.11111], "uv_size": [7.11111, 20.88889]},
								"west": {"uv": [56.88889, 0.11111], "uv_size": [7.11111, 20.88889]},
								"up": {"uv": [42.66667, 39.66667], "uv_size": [-7.11111, -15.55556]},
								"down": {"uv": [64, 21], "uv_size": [-7.11111, -20.88889]}
							}
						},
						{
							"origin": [-5, 6, 1],
							"size": [4, 5, 4],
							"pivot": [-3, 6, 3],
							"rotation": [-35, -35, 0],
							"uv": {
								"north": {"uv": [56.88889, 0.11111], "uv_size": [7.11111, 20.88889]},
								"east": {"uv": [56.88889, 0.11111], "uv_size": [7.11111, 20.88889]},
								"south": {"uv": [56.88889, 0.11111], "uv_size": [7.11111, 20.88889]},
								"west": {"uv": [56.88889, 0.11111], "uv_size": [7.11111, 20.88889]},
								"up": {"uv": [42.66667, 39.66667], "uv_size": [-7.11111, -15.55556]},
								"down": {"uv": [64, 21], "uv_size": [-7.11111, -20.88889]}
							}
						}
					]
				},
				{
					"name": "bone",
					"pivot": [8, 0, -8],
					"cubes": [
						{
							"origin": [-8, 0, -8],
							"size": [16, 6, 16],
							"uv": {
								"north": {"uv": [28.44444, 10.30556], "uv_size": [28.44444, 13.47222]},
								"east": {"uv": [28.44444, 10.30556], "uv_size": [28.44444, 13.47222]},
								"south": {"uv": [28.44444, 10.30556], "uv_size": [28.44444, 13.47222]},
								"west": {"uv": [28.44444, 10.30556], "uv_size": [28.44444, 13.47222]},
								"up": {"uv": [0, 0], "uv_size": [28.44444, 64]},
								"down": {"uv": [0, 64], "uv_size": [28.44444, -64]}
							}
						},
						{
							"origin": [-4, 6, -4],
							"size": [8, 5, 8],
							"uv": {
								"north": {"uv": [28.44444, 0], "uv_size": [28.44444, 24.11111]},
								"east": {"uv": [28.44444, 0], "uv_size": [28.44444, 24.11111]},
								"south": {"uv": [28.44444, 0], "uv_size": [28.44444, 24.11111]},
								"west": {"uv": [28.44444, 0], "uv_size": [28.44444, 24.11111]},
								"up": {"uv": [56.88889, 23.66667], "uv_size": [-28.44444, -23.66667]},
								"down": {"uv": [56.88889, 24.11111], "uv_size": [-28.44444, -24.11111]}
							}
						}
					]
				}
			]
		}
	]
}